{
	"credit": "Made with Blockbench",
	"textures": {
		"particle": "blocks/bed_head_top",
		"top": "blocks/bed_head_top",
		"bottom": "blocks/planks_oak",
		"end": "blocks/bed_feet_end",
		"side": "blocks/bed_head_side"
	},
	"elements": [
		{
			"from": [0, 0, 0],
			"to": [16, 9, 16],
			"faces": {
				"east": {"uv": [16, 7, 0, 16], "texture": "#side"},
				"south": {"uv": [0, 7, 16, 16], "texture": "#end"},
				"west": {"uv": [0, 7, 16, 16], "texture": "#side"},
				"up": {"uv": [16, 16, 0, 0], "rotation": 270, "texture": "#top"}
			}
		},
		{
			"from": [0, 3, 0],
			"to": [16, 3, 16],
			"faces": {
				"down": {"uv": [0, 0, 16, 16], "texture": "#bottom"}
			}
		},
		{
			"from": [-1, 9, 2],
			"to": [17, 10, 8],
			"faces": {
				"north": {"uv": [2, 0, 3, 16], "rotation": 90, "texture": "#top"},
				"east": {"uv": [2, 0, 8, 1], "texture": "#top"},
				"south": {"uv": [7, 0, 8, 16], "rotation": 90, "texture": "#top"},
				"west": {"uv": [2, 15, 8, 16], "texture": "#top"},
				"up": {"uv": [2, 0, 8, 16], "rotation": 90, "texture": "#top"},
				"down": {"uv": [2, 0, 8, 16], "rotation": 90, "texture": "#top"}
			}
		},
		{
			"from": [16, 5, 2],
			"to": [17, 9, 8],
			"faces": {
				"north": {"uv": [2, 7, 3, 11], "texture": "#side"},
				"east": {"uv": [2, 7, 8, 11], "texture": "#side"},
				"south": {"uv": [7, 7, 8, 11], "texture": "#side"},
				"west": {"uv": [2, 7, 8, 11], "texture": "#side"},
				"up": {"uv": [2, 7, 8, 8], "texture": "#side"},
				"down": {"uv": [3, 11, 7, 12], "texture": "#side"}
			}
		},
		{
			"from": [16, 4, 3],
			"to": [17, 5, 7],
			"faces": {
				"north": {"uv": [3, 11, 4, 12], "texture": "#side"},
				"east": {"uv": [3, 11, 7, 12], "texture": "#side"},
				"south": {"uv": [6, 11, 7, 12], "texture": "#side"},
				"west": {"uv": [3, 11, 7, 12], "texture": "#side"},
				"up": {"uv": [3, 11, 7, 12], "texture": "#side"},
				"down": {"uv": [3, 11, 7, 12], "texture": "#side"}
			}
		},
		{
			"from": [-1, 5, 2],
			"to": [0, 9, 8],
			"faces": {
				"north": {"uv": [7, 7, 8, 11], "texture": "#side"},
				"east": {"uv": [2, 7, 8, 11], "texture": "#side"},
				"south": {"uv": [2, 7, 3, 11], "texture": "#side"},
				"west": {"uv": [2, 7, 8, 11], "texture": "#side"},
				"up": {"uv": [5, 6, 11, 12], "texture": "#side"},
				"down": {"uv": [3, 11, 7, 12], "texture": "#side"}
			}
		},
		{
			"from": [-1, 4, 3],
			"to": [0, 5, 7],
			"faces": {
				"north": {"uv": [3, 11, 4, 12], "texture": "#side"},
				"east": {"uv": [3, 11, 7, 12], "texture": "#side"},
				"south": {"uv": [6, 11, 7, 12], "texture": "#side"},
				"west": {"uv": [3, 11, 7, 12], "texture": "#side"},
				"up": {"uv": [3, 11, 7, 12], "texture": "#side"},
				"down": {"uv": [3, 11, 7, 12], "texture": "#side"}
			}
		},
		{
			"from": [2, 9, 9],
			"to": [14, 10, 14],
			"faces": {
				"north": {"uv": [9, 2, 10, 14], "rotation": 90, "texture": "#top"},
				"east": {"uv": [9, 2, 14, 3], "texture": "#top"},
				"south": {"uv": [13, 2, 14, 14], "rotation": 90, "texture": "#top"},
				"west": {"uv": [9, 13, 14, 14], "texture": "#top"},
				"up": {"uv": [9, 2, 14, 14], "rotation": 90, "texture": "#top"},
				"down": {"uv": [9, 2, 14, 14], "texture": "#top"}
			}
		},
		{
			"from": [0, 9, 15],
			"to": [16, 12, 16],
			"faces": {
				"north": {"uv": [0, 4, 16, 7], "texture": "#end"},
				"east": {"uv": [0, 4, 1, 7], "texture": "#end"},
				"south": {"uv": [0, 4, 16, 7], "texture": "#end"},
				"west": {"uv": [15, 4, 16, 7], "texture": "#end"},
				"up": {"uv": [0, 4, 16, 5], "rotation": 180, "texture": "#end"},
				"down": {"uv": [0, 6, 16, 7], "texture": "#end"}
			}
		},
		{
			"from": [3, 7, 15],
			"to": [13, 8, 16],
			"faces": {
				"north": {"uv": [3, 8, 13, 9], "texture": "#end"},
				"east": {"uv": [3, 8, 4, 9], "texture": "#end"},
				"south": {"uv": [3, 8, 13, 9], "texture": "#end"},
				"west": {"uv": [12, 8, 13, 9], "texture": "#end"},
				"up": {"uv": [3, 8, 13, 9], "texture": "#end"},
				"down": {"uv": [3, 8, 13, 9], "texture": "#end"}
			}
		},
		{
			"from": [13, 8, 15],
			"to": [14, 9, 16],
			"faces": {
				"north": {"uv": [13, 7, 14, 8], "texture": "#end"},
				"east": {"uv": [13, 7, 14, 8], "texture": "#end"},
				"south": {"uv": [13, 7, 14, 8], "texture": "#end"},
				"west": {"uv": [13, 7, 14, 8], "texture": "#end"},
				"up": {"uv": [13, 7, 14, 8], "texture": "#end"},
				"down": {"uv": [13, 7, 14, 8], "texture": "#end"}
			}
		},
		{
			"from": [2, 8, 15],
			"to": [3, 9, 16],
			"faces": {
				"north": {"uv": [2, 7, 3, 8], "texture": "#end"},
				"east": {"uv": [2, 7, 3, 8], "texture": "#end"},
				"south": {"uv": [2, 7, 3, 8], "texture": "#end"},
				"west": {"uv": [2, 7, 3, 8], "texture": "#end"},
				"up": {"uv": [2, 7, 3, 8], "texture": "#end"},
				"down": {"uv": [2, 7, 3, 8], "texture": "#end"}
			}
		},
		{
			"from": [2, 8, 14],
			"to": [14, 9, 15],
			"faces": {
				"north": {"uv": [9, 2, 10, 14], "rotation": 90, "texture": "#top"},
				"east": {"uv": [14, 13, 15, 14], "texture": "#top"},
				"south": {"uv": [9, 2, 10, 14], "rotation": 90, "texture": "#top"},
				"west": {"uv": [14, 2, 15, 3], "texture": "#top"},
				"up": {"uv": [9, 2, 10, 14], "rotation": 90, "texture": "#top"},
				"down": {"uv": [9, 2, 10, 14], "rotation": 90, "texture": "#top"}
			}
		},
		{
			"from": [1, 9, 15],
			"to": [2, 10, 16],
			"faces": {
				"north": {"uv": [1, 6, 2, 7], "texture": "#end"},
				"east": {"uv": [1, 6, 2, 7], "texture": "#end"},
				"south": {"uv": [1, 6, 2, 7], "texture": "#end"},
				"west": {"uv": [1, 6, 2, 7], "texture": "#end"},
				"up": {"uv": [1, 6, 2, 7], "texture": "#end"},
				"down": {"uv": [1, 6, 2, 7], "texture": "#end"}
			}
		},
		{
			"from": [14, 9, 15],
			"to": [15, 10, 16],
			"faces": {
				"north": {"uv": [1, 6, 2, 7], "texture": "#end"},
				"east": {"uv": [1, 6, 2, 7], "texture": "#end"},
				"south": {"uv": [1, 6, 2, 7], "texture": "#end"},
				"west": {"uv": [1, 6, 2, 7], "texture": "#end"},
				"up": {"uv": [1, 6, 2, 7], "texture": "#end"},
				"down": {"uv": [1, 6, 2, 7], "texture": "#end"}
			}
		},
		{
			"from": [2, 10, 15],
			"to": [14, 11, 16],
			"faces": {
				"north": {"uv": [2, 5, 14, 6], "texture": "#end"},
				"east": {"uv": [13, 5, 14, 6], "texture": "#end"},
				"south": {"uv": [2, 5, 14, 6], "texture": "#end"},
				"west": {"uv": [2, 5, 3, 6], "texture": "#end"},
				"up": {"uv": [2, 5, 14, 6], "texture": "#end"},
				"down": {"uv": [2, 5, 14, 6], "texture": "#end"}
			}
		}
	],
	"display": {}
}