{
	"credit": "Made with Blockbench",
	"ambientocclusion": false,
	"texture_size": [64, 64],
	"textures": {
		"5": "blocks/planks_oak",
		"6": "blocks/bed_head_end",
		"side": "blocks/bed_head_side",
		"particle": "blocks/bed_head_top"
	},
	"elements": [
		{
			"name": "bed head sides",
			"from": [0, 3, -1],
			"to": [16, 9, 15],
			"faces": {
				"east": {"uv": [16, 7, 0, 13], "texture": "#side"},
				"south": {"uv": [0, 0, 0, 0], "texture": "#side"},
				"west": {"uv": [0, 7, 16, 13], "texture": "#side"},
				"up": {"uv": [12, 2, 8, 6], "rotation": 180, "texture": "#side"}
			}
		},
		{
			"name": "left leg",
			"from": [0, 0, 13],
			"to": [3, 3, 16],
			"faces": {
				"north": {"uv": [0, 14, 3, 16], "texture": "#6"},
				"east": {"uv": [13, 14, 16, 16], "texture": "#6"},
				"south": {"uv": [0, 14, 3, 16], "texture": "#6"},
				"west": {"uv": [13, 14, 16, 16], "texture": "#6"},
				"down": {"uv": [0, 14, 3, 16], "texture": "#6"}
			}
		},
		{
			"name": "right leg",
			"from": [13, 0, 13],
			"to": [16, 3, 16],
			"faces": {
				"north": {"uv": [13, 14, 16, 16], "texture": "#6"},
				"east": {"uv": [13, 14, 16, 16], "rotation": 180, "texture": "#6"},
				"south": {"uv": [13, 14, 16, 16], "texture": "#6"},
				"west": {"uv": [0, 14, 3, 16], "texture": "#6"},
				"down": {"uv": [0, 14, 3, 16], "texture": "#6"}
			}
		},
		{
			"name": "bed head top",
			"from": [0, 9, -1],
			"to": [16, 9, 15],
			"faces": {
				"north": {"uv": [0, 0, 4, 0], "texture": "#particle"},
				"east": {"uv": [0, 0, 4, 0], "texture": "#particle"},
				"south": {"uv": [0, 0, 4, 0], "texture": "#particle"},
				"west": {"uv": [0, 0, 4, 0], "texture": "#particle"},
				"up": {"uv": [0, 0, 16, 16], "rotation": 90, "texture": "#particle"}
			}
		},
		{
			"name": "bed head end",
			"from": [1, 3, 15],
			"to": [15, 12, 16],
			"faces": {
				"north": {"uv": [0, 14, 3, 16], "texture": "#6"},
				"east": {"uv": [15, 4, 16, 16], "texture": "#6"},
				"south": {"uv": [0, 14, 3, 16], "texture": "#6"},
				"west": {"uv": [0, 4, 1, 16], "texture": "#6"},
				"up": {"uv": [0, 14, 3, 15], "texture": "#6"},
				"down": {"uv": [0, 15, 16, 16], "texture": "#6"}
			}
		},
		{
			"name": "bed bottom",
			"from": [0, 3, 0],
			"to": [16, 3, 16],
			"faces": {
				"north": {"uv": [0, 0, 16, 16], "texture": "#5"},
				"east": {"uv": [0, 0, 3.25, 0], "texture": "#5"},
				"south": {"uv": [0, 0, 4, 0], "texture": "#5"},
				"west": {"uv": [0, 0, 3.25, 0], "texture": "#5"},
				"up": {"uv": [0, 0, 0, 0], "texture": "#5"},
				"down": {"uv": [0, 0, 16, 16], "texture": "#5"}
			}
		},
		{
			"name": "almohada",
			"from": [1, 9, 7],
			"to": [15, 11, 14],
			"faces": {
				"north": {"uv": [8, 1, 9, 15], "texture": "#particle"},
				"east": {"uv": [8, 1, 15, 2], "rotation": 180, "texture": "#particle"},
				"south": {"uv": [14, 1, 15, 15], "rotation": 90, "texture": "#particle"},
				"west": {"uv": [8, 14, 14, 15], "texture": "#particle"},
				"up": {"uv": [8, 1, 16, 15], "rotation": 90, "texture": "#particle"},
				"down": {"uv": [0, 0, 0, 0], "texture": "#particle"}
			}
		},
		{
			"name": "columna",
			"from": [0, 3, 15],
			"to": [1, 13, 16],
			"faces": {
				"north": {"uv": [14.75, 14.5, 16, 16], "texture": "#6"},
				"east": {"uv": [13, 14.5, 14.25, 16], "texture": "#6"},
				"south": {"uv": [0, 14, 2.25, 16], "texture": "#6"},
				"west": {"uv": [0, 14.5, 2.25, 16], "texture": "#6"},
				"up": {"uv": [0, 14.75, 2.25, 16], "texture": "#6"},
				"down": {"uv": [0, 0, 0.25, 0.25], "texture": "#6"}
			}
		},
		{
			"name": "columna2",
			"from": [15, 3, 15],
			"to": [16, 13, 16],
			"faces": {
				"north": {"uv": [14, 12.5, 15.25, 16], "texture": "#side"},
				"east": {"uv": [14, 12.5, 15.25, 16], "texture": "#side"},
				"south": {"uv": [14, 12.5, 15.25, 16], "texture": "#side"},
				"west": {"uv": [14, 12.5, 15.25, 16], "texture": "#side"},
				"up": {"uv": [13.75, 12.75, 16, 16], "texture": "#side"},
				"down": {"uv": [15.75, 15, 16, 15.25], "texture": "#side"}
			}
		},
		{
			"name": "cobija",
			"from": [0, 9, 1],
			"to": [16, 10, 6],
			"faces": {
				"north": {"uv": [0, 0, 4, 0.25], "texture": "#particle"},
				"east": {"uv": [0, 0, 1.25, 0.25], "texture": "#particle"},
				"south": {"uv": [0, 0, 4, 0.25], "texture": "#particle"},
				"west": {"uv": [0, 0, 1.25, 0.25], "texture": "#particle"},
				"up": {"uv": [2, 0, 7, 16], "rotation": 90, "texture": "#particle"},
				"down": {"uv": [0, 0, 4, 1.25], "texture": "#particle"}
			}
		},
		{
			"name": "cobija2",
			"from": [-1, 3, 1],
			"to": [0, 10, 6],
			"faces": {
				"north": {"uv": [2, 7, 3, 14], "texture": "#side"},
				"east": {"uv": [0, 0, 1.25, 1.5], "texture": "#side"},
				"south": {"uv": [6, 7, 7, 14], "texture": "#side"},
				"west": {"uv": [2, 7, 7, 14], "texture": "#side"},
				"up": {"uv": [2, 7, 7, 8], "rotation": 90, "texture": "#side"},
				"down": {"uv": [2, 13, 7, 14], "texture": "#side"}
			}
		},
		{
			"name": "cobija3",
			"from": [16, 3, 1],
			"to": [17, 10, 6],
			"faces": {
				"north": {"uv": [2, 7, 3, 14], "texture": "#side"},
				"east": {"uv": [2, 7, 7, 14], "texture": "#side"},
				"south": {"uv": [6, 7, 7, 14], "texture": "#side"},
				"west": {"uv": [2, 7, 7, 14], "texture": "#side"},
				"up": {"uv": [2, 7, 7, 8], "rotation": 90, "texture": "#side"},
				"down": {"uv": [2, 13, 7, 14], "texture": "#side"}
			}
		}
	],
	"groups": [
		{
			"name": "bed_head",
			"origin": [8, 8, 8],
			"color": 0,
			"children": [
				{
					"name": "head",
					"origin": [0, 0, 0],
					"color": 0,
					"children": []
				}
			]
		},
		0,
		1,
		2,
		3,
		4,
		5,
		6,
		7,
		8,
		9,
		10,
		11
	]
}