{
	"credit": "Made with Blockbench",
	"ambientocclusion": false,
	"textures": {
		"side": "blocks/bed_feet_side",
		"particle": "blocks/bed_feet_top",
		"top": "blocks/bed_feet_top",
		"bottom": "blocks/planks_oak",
		"end": "blocks/bed_feet_end"
	},
	"elements": [
		{
			"name": "top,left right and end bed",
			"from": [0, 3, 1],
			"to": [16, 9, 16],
			"faces": {
				"north": {"uv": [0, 7, 16, 13], "texture": "#end"},
				"east": {"uv": [16, 7, 0, 13], "texture": "#side"},
				"west": {"uv": [0, 7, 16, 13], "texture": "#side"},
				"up": {"uv": [0, 16, 16, 0], "rotation": 90, "texture": "#top"},
				"down": {"uv": [0, 0, 16, 16], "texture": "#bottom"}
			}
		},
		{
			"name": "left leg",
			"from": [13, 0, 0],
			"to": [16, 3, 3],
			"faces": {
				"north": {"uv": [0, 13, 3, 16], "texture": "#end"},
				"east": {"uv": [3, 13, 0, 16], "texture": "#end"},
				"south": {"uv": [13, 13, 16, 16], "texture": "#end"},
				"west": {"uv": [0, 13, 3, 16], "texture": "#end"},
				"up": {"uv": [0, 0, 0, 0], "texture": "#end"},
				"down": {"uv": [13, 13, 16, 16], "texture": "#end"}
			}
		},
		{
			"name": "right leg",
			"from": [0, 0, 0],
			"to": [3, 3, 3],
			"faces": {
				"north": {"uv": [13, 13, 16, 16], "texture": "#end"},
				"east": {"uv": [3, 13, 0, 16], "texture": "#end"},
				"south": {"uv": [0, 13, 3, 16], "texture": "#end"},
				"west": {"uv": [0, 13, 3, 16], "texture": "#end"},
				"up": {"uv": [0, 0, 0, 0], "texture": "#end"},
				"down": {"uv": [0, 13, 3, 16], "texture": "#end"}
			}
		},
		{
			"name": "columna",
			"from": [0, 3, 0],
			"to": [1, 11, 1],
			"faces": {
				"north": {"uv": [6, 7, 9, 10], "texture": "#end"},
				"east": {"uv": [1, 9, 3, 16], "texture": "#end"},
				"south": {"uv": [1, 10, 3, 13], "texture": "#end"},
				"west": {"uv": [1, 8, 15, 10], "texture": "#end"},
				"up": {"uv": [14, 8, 16, 13], "rotation": 90, "texture": "#end"},
				"down": {"uv": [1, 8, 3, 13], "texture": "#end"}
			}
		},
		{
			"name": "columna",
			"from": [15, 3, 0],
			"to": [16, 11, 1],
			"faces": {
				"north": {"uv": [0, 8, 3, 12], "texture": "#end"},
				"east": {"uv": [3, 8, 15, 11], "texture": "#end"},
				"south": {"uv": [0, 8, 2, 11], "texture": "#end"},
				"west": {"uv": [0, 8, 16, 11], "texture": "#end"},
				"up": {"uv": [0, 9, 13, 10], "texture": "#end"},
				"down": {"uv": [13, 8, 15, 14], "texture": "#end"}
			}
		},
		{
			"from": [1, 3, 0],
			"to": [15, 9, 1],
			"faces": {
				"north": {"uv": [1, 7, 15, 14], "texture": "#end"},
				"east": {"uv": [0, 0, 1, 6], "texture": "#end"},
				"south": {"uv": [0, 0, 14, 6], "texture": "#end"},
				"west": {"uv": [0, 0, 1, 6], "texture": "#end"},
				"up": {"uv": [1, 7, 15, 8], "texture": "#end"},
				"down": {"uv": [0, 0, 14, 1], "texture": "#end"}
			}
		}
	]
}